<annotation verified="no">
  <folder>VOC2007</folder>
  <filename>pig-21_1040</filename>
  <path>G:\temp\tf\movie\pigsets\pig-21\pig-21_1040.jpg</path>
  <source>
    <database>Unknown</database>
  </source>
  <size>
    <width>1280</width>
    <height>720</height>
    <depth>3</depth>
  </size>
  <segmented>0</segmented>
  <object>
    <name>pigface</name>
    <pose>Unspecified</pose>
    <truncated>0</truncated>
    <Difficult>0</Difficult>
    <bndbox>
      <xmin>158</xmin>
      <ymin>204</ymin>
      <xmax>493</xmax>
      <ymax>611</ymax>
    </bndbox>
  </object>
  <object>
    <name>pig</name>
    <pose>Unspecified</pose>
    <truncated>0</truncated>
    <Difficult>0</Difficult>
    <bndbox>
      <xmin>137</xmin>
      <ymin>4</ymin>
      <xmax>1105</xmax>
      <ymax>620</ymax>
    </bndbox>
  </object>
</annotation>
