<annotation verified="no">
  <folder>VOC2007</folder>
  <filename>pig-21_1470</filename>
  <path>G:\temp\tf\movie\pigsets\pig-21\pig-21_1470.jpg</path>
  <source>
    <database>Unknown</database>
  </source>
  <size>
    <width>1280</width>
    <height>720</height>
    <depth>3</depth>
  </size>
  <segmented>0</segmented>
  <object>
    <name>pigface</name>
    <pose>Unspecified</pose>
    <truncated>0</truncated>
    <Difficult>0</Difficult>
    <bndbox>
      <xmin>567</xmin>
      <ymin>289</ymin>
      <xmax>809</xmax>
      <ymax>497</ymax>
    </bndbox>
  </object>
  <object>
    <name>pig</name>
    <pose>Unspecified</pose>
    <truncated>0</truncated>
    <Difficult>0</Difficult>
    <bndbox>
      <xmin>317</xmin>
      <ymin>89</ymin>
      <xmax>796</xmax>
      <ymax>527</ymax>
    </bndbox>
  </object>
</annotation>
