<annotation verified="no">
  <folder>VOC2007</folder>
  <filename>pig-21_1370</filename>
  <path>G:\temp\tf\movie\pigsets\pig-21\pig-21_1370.jpg</path>
  <source>
    <database>Unknown</database>
  </source>
  <size>
    <width>1280</width>
    <height>720</height>
    <depth>3</depth>
  </size>
  <segmented>0</segmented>
  <object>
    <name>pigface</name>
    <pose>Unspecified</pose>
    <truncated>0</truncated>
    <Difficult>0</Difficult>
    <bndbox>
      <xmin>709</xmin>
      <ymin>168</ymin>
      <xmax>909</xmax>
      <ymax>422</ymax>
    </bndbox>
  </object>
  <object>
    <name>pig</name>
    <pose>Unspecified</pose>
    <truncated>0</truncated>
    <Difficult>0</Difficult>
    <bndbox>
      <xmin>246</xmin>
      <ymin>106</ymin>
      <xmax>896</xmax>
      <ymax>627</ymax>
    </bndbox>
  </object>
</annotation>
