<annotation verified="no">
  <folder>VOC2007</folder>
  <filename>pig-21_1690</filename>
  <path>G:\temp\tf\movie\pigsets\pig-21\pig-21_1690.jpg</path>
  <source>
    <database>Unknown</database>
  </source>
  <size>
    <width>1280</width>
    <height>720</height>
    <depth>3</depth>
  </size>
  <segmented>0</segmented>
  <object>
    <name>pigface</name>
    <pose>Unspecified</pose>
    <truncated>0</truncated>
    <Difficult>0</Difficult>
    <bndbox>
      <xmin>688</xmin>
      <ymin>231</ymin>
      <xmax>888</xmax>
      <ymax>506</ymax>
    </bndbox>
  </object>
  <object>
    <name>pig</name>
    <pose>Unspecified</pose>
    <truncated>0</truncated>
    <Difficult>0</Difficult>
    <bndbox>
      <xmin>359</xmin>
      <ymin>135</ymin>
      <xmax>880</xmax>
      <ymax>564</ymax>
    </bndbox>
  </object>
</annotation>
