<annotation verified="no">
  <folder>VOC2007</folder>
  <filename>pig-21_2220</filename>
  <path>G:\temp\tf\movie\pigsets\pig-21\pig-21_2220.jpg</path>
  <source>
    <database>Unknown</database>
  </source>
  <size>
    <width>1280</width>
    <height>720</height>
    <depth>3</depth>
  </size>
  <segmented>0</segmented>
  <object>
    <name>pigface</name>
    <pose>Unspecified</pose>
    <truncated>0</truncated>
    <Difficult>0</Difficult>
    <bndbox>
      <xmin>675</xmin>
      <ymin>181</ymin>
      <xmax>880</xmax>
      <ymax>472</ymax>
    </bndbox>
  </object>
  <object>
    <name>pig</name>
    <pose>Unspecified</pose>
    <truncated>0</truncated>
    <Difficult>0</Difficult>
    <bndbox>
      <xmin>275</xmin>
      <ymin>60</ymin>
      <xmax>871</xmax>
      <ymax>685</ymax>
    </bndbox>
  </object>
</annotation>
