<annotation verified="no">
  <folder>VOC2007</folder>
  <filename>pig-21_1070</filename>
  <path>G:\temp\tf\movie\pigsets\pig-21\pig-21_1070.jpg</path>
  <source>
    <database>Unknown</database>
  </source>
  <size>
    <width>1280</width>
    <height>720</height>
    <depth>3</depth>
  </size>
  <segmented>0</segmented>
  <object>
    <name>pigface</name>
    <pose>Unspecified</pose>
    <truncated>0</truncated>
    <Difficult>0</Difficult>
    <bndbox>
      <xmin>283</xmin>
      <ymin>276</ymin>
      <xmax>712</xmax>
      <ymax>651</ymax>
    </bndbox>
  </object>
  <object>
    <name>pig</name>
    <pose>Unspecified</pose>
    <truncated>0</truncated>
    <Difficult>0</Difficult>
    <bndbox>
      <xmin>280</xmin>
      <ymin>4</ymin>
      <xmax>1218</xmax>
      <ymax>639</ymax>
    </bndbox>
  </object>
</annotation>
