<annotation verified="no">
  <folder>VOC2007</folder>
  <filename>pig-21_1030</filename>
  <path>G:\temp\tf\movie\pigsets\pig-21\pig-21_1030.jpg</path>
  <source>
    <database>Unknown</database>
  </source>
  <size>
    <width>1280</width>
    <height>720</height>
    <depth>3</depth>
  </size>
  <segmented>0</segmented>
  <object>
    <name>pigface</name>
    <pose>Unspecified</pose>
    <truncated>0</truncated>
    <Difficult>0</Difficult>
    <bndbox>
      <xmin>24</xmin>
      <ymin>111</ymin>
      <xmax>405</xmax>
      <ymax>542</ymax>
    </bndbox>
  </object>
  <object>
    <name>pig</name>
    <pose>Unspecified</pose>
    <truncated>0</truncated>
    <Difficult>0</Difficult>
    <bndbox>
      <xmin>30</xmin>
      <ymin>14</ymin>
      <xmax>1024</xmax>
      <ymax>717</ymax>
    </bndbox>
  </object>
</annotation>
