<annotation verified="no">
  <folder>VOC2007</folder>
  <filename>pig-21_2050</filename>
  <path>G:\temp\tf\movie\pigsets\pig-21\pig-21_2050.jpg</path>
  <source>
    <database>Unknown</database>
  </source>
  <size>
    <width>1280</width>
    <height>720</height>
    <depth>3</depth>
  </size>
  <segmented>0</segmented>
  <object>
    <name>pigface</name>
    <pose>Unspecified</pose>
    <truncated>0</truncated>
    <Difficult>0</Difficult>
    <bndbox>
      <xmin>538</xmin>
      <ymin>206</ymin>
      <xmax>834</xmax>
      <ymax>497</ymax>
    </bndbox>
  </object>
  <object>
    <name>pig</name>
    <pose>Unspecified</pose>
    <truncated>0</truncated>
    <Difficult>0</Difficult>
    <bndbox>
      <xmin>430</xmin>
      <ymin>89</ymin>
      <xmax>934</xmax>
      <ymax>531</ymax>
    </bndbox>
  </object>
</annotation>
