<annotation verified="no">
  <folder>VOC2007</folder>
  <filename>pig-21_1020</filename>
  <path>G:\temp\tf\movie\pigsets\pig-21\pig-21_1020.jpg</path>
  <source>
    <database>Unknown</database>
  </source>
  <size>
    <width>1280</width>
    <height>720</height>
    <depth>3</depth>
  </size>
  <segmented>0</segmented>
  <object>
    <name>pigface</name>
    <pose>Unspecified</pose>
    <truncated>0</truncated>
    <Difficult>0</Difficult>
    <bndbox>
      <xmin>58</xmin>
      <ymin>167</ymin>
      <xmax>487</xmax>
      <ymax>536</ymax>
    </bndbox>
  </object>
  <object>
    <name>pig</name>
    <pose>Unspecified</pose>
    <truncated>0</truncated>
    <Difficult>0</Difficult>
    <bndbox>
      <xmin>83</xmin>
      <ymin>4</ymin>
      <xmax>955</xmax>
      <ymax>686</ymax>
    </bndbox>
  </object>
</annotation>
