<annotation verified="no">
  <folder>VOC2007</folder>
  <filename>pig-21_2700</filename>
  <path>G:\temp\tf\movie\pigsets\pig-21\pig-21_2700.jpg</path>
  <source>
    <database>Unknown</database>
  </source>
  <size>
    <width>1280</width>
    <height>720</height>
    <depth>3</depth>
  </size>
  <segmented>0</segmented>
  <object>
    <name>pigface</name>
    <pose>Unspecified</pose>
    <truncated>0</truncated>
    <Difficult>0</Difficult>
    <bndbox>
      <xmin>559</xmin>
      <ymin>272</ymin>
      <xmax>859</xmax>
      <ymax>602</ymax>
    </bndbox>
  </object>
</annotation>
