<annotation verified="no">
  <folder>VOC2007</folder>
  <filename>pig-21_1010</filename>
  <path>G:\temp\tf\movie\pigsets\pig-21\pig-21_1010.jpg</path>
  <source>
    <database>Unknown</database>
  </source>
  <size>
    <width>1280</width>
    <height>720</height>
    <depth>3</depth>
  </size>
  <segmented>0</segmented>
  <object>
    <name>pigface</name>
    <pose>Unspecified</pose>
    <truncated>0</truncated>
    <Difficult>0</Difficult>
    <bndbox>
      <xmin>196</xmin>
      <ymin>192</ymin>
      <xmax>643</xmax>
      <ymax>542</ymax>
    </bndbox>
  </object>
  <object>
    <name>pig</name>
    <pose>Unspecified</pose>
    <truncated>0</truncated>
    <Difficult>0</Difficult>
    <bndbox>
      <xmin>249</xmin>
      <ymin>36</ymin>
      <xmax>968</xmax>
      <ymax>708</ymax>
    </bndbox>
  </object>
</annotation>
