<annotation verified="no">
  <folder>VOC2007</folder>
  <filename>pig-21_1060</filename>
  <path>G:\temp\tf\movie\pigsets\pig-21\pig-21_1060.jpg</path>
  <source>
    <database>Unknown</database>
  </source>
  <size>
    <width>1280</width>
    <height>720</height>
    <depth>3</depth>
  </size>
  <segmented>0</segmented>
  <object>
    <name>pigface</name>
    <pose>Unspecified</pose>
    <truncated>0</truncated>
    <Difficult>0</Difficult>
    <bndbox>
      <xmin>308</xmin>
      <ymin>298</ymin>
      <xmax>702</xmax>
      <ymax>620</ymax>
    </bndbox>
  </object>
  <object>
    <name>pig</name>
    <pose>Unspecified</pose>
    <truncated>1</truncated>
    <Difficult>0</Difficult>
    <bndbox>
      <xmin>318</xmin>
      <ymin>1</ymin>
      <xmax>1199</xmax>
      <ymax>629</ymax>
    </bndbox>
  </object>
</annotation>
