<annotation verified="no">
  <folder>VOC2007</folder>
  <filename>pig-21_1770</filename>
  <path>G:\temp\tf\movie\pigsets\pig-21\pig-21_1770.jpg</path>
  <source>
    <database>Unknown</database>
  </source>
  <size>
    <width>1280</width>
    <height>720</height>
    <depth>3</depth>
  </size>
  <segmented>0</segmented>
  <object>
    <name>pigface</name>
    <pose>Unspecified</pose>
    <truncated>0</truncated>
    <Difficult>0</Difficult>
    <bndbox>
      <xmin>367</xmin>
      <ymin>202</ymin>
      <xmax>796</xmax>
      <ymax>522</ymax>
    </bndbox>
  </object>
  <object>
    <name>pig</name>
    <pose>Unspecified</pose>
    <truncated>0</truncated>
    <Difficult>0</Difficult>
    <bndbox>
      <xmin>346</xmin>
      <ymin>10</ymin>
      <xmax>1142</xmax>
      <ymax>627</ymax>
    </bndbox>
  </object>
</annotation>
