<annotation verified="no">
  <folder>VOC2007</folder>
  <filename>pig-21_1600</filename>
  <path>G:\temp\tf\movie\pigsets\pig-21\pig-21_1600.jpg</path>
  <source>
    <database>Unknown</database>
  </source>
  <size>
    <width>1280</width>
    <height>720</height>
    <depth>3</depth>
  </size>
  <segmented>0</segmented>
  <object>
    <name>pigface</name>
    <pose>Unspecified</pose>
    <truncated>0</truncated>
    <Difficult>0</Difficult>
    <bndbox>
      <xmin>292</xmin>
      <ymin>285</ymin>
      <xmax>505</xmax>
      <ymax>510</ymax>
    </bndbox>
  </object>
  <object>
    <name>pig</name>
    <pose>Unspecified</pose>
    <truncated>0</truncated>
    <Difficult>0</Difficult>
    <bndbox>
      <xmin>313</xmin>
      <ymin>139</ymin>
      <xmax>613</xmax>
      <ymax>489</ymax>
    </bndbox>
  </object>
</annotation>
