<annotation verified="no">
  <folder>pVOC2007</folder>
  <filename>pig-21_1400</filename>
  <path>G:\temp\tf\movie\pigsets\pig-21\pig-21_1400.jpg</path>
  <source>
    <database>Unknown</database>
  </source>
  <size>
    <width>1280</width>
    <height>720</height>
    <depth>3</depth>
  </size>
  <segmented>0</segmented>
  <object>
    <name>pigface</name>
    <pose>Unspecified</pose>
    <truncated>0</truncated>
    <Difficult>0</Difficult>
    <bndbox>
      <xmin>630</xmin>
      <ymin>185</ymin>
      <xmax>834</xmax>
      <ymax>418</ymax>
    </bndbox>
  </object>
  <object>
    <name>pig</name>
    <pose>Unspecified</pose>
    <truncated>0</truncated>
    <Difficult>0</Difficult>
    <bndbox>
      <xmin>234</xmin>
      <ymin>102</ymin>
      <xmax>825</xmax>
      <ymax>618</ymax>
    </bndbox>
  </object>
</annotation>
