<annotation verified="no">
  <folder>VOC2007</folder>
  <filename>pig-21_1580</filename>
  <path>G:\temp\tf\movie\pigsets\pig-21\pig-21_1580.jpg</path>
  <source>
    <database>Unknown</database>
  </source>
  <size>
    <width>1280</width>
    <height>720</height>
    <depth>3</depth>
  </size>
  <segmented>0</segmented>
  <object>
    <name>pigface</name>
    <pose>Unspecified</pose>
    <truncated>0</truncated>
    <Difficult>0</Difficult>
    <bndbox>
      <xmin>463</xmin>
      <ymin>322</ymin>
      <xmax>638</xmax>
      <ymax>518</ymax>
    </bndbox>
  </object>
  <object>
    <name>pig</name>
    <pose>Unspecified</pose>
    <truncated>0</truncated>
    <Difficult>0</Difficult>
    <bndbox>
      <xmin>221</xmin>
      <ymin>160</ymin>
      <xmax>642</xmax>
      <ymax>506</ymax>
    </bndbox>
  </object>
</annotation>
