<annotation verified="no">
  <folder>VOC2007</folder>
  <filename>pig-21_1000</filename>
  <path>G:\temp\tf\movie\pigsets\pig-21\pig-21_1000.jpg</path>
  <source>
    <database>Unknown</database>
  </source>
  <size>
    <width>1280</width>
    <height>720</height>
    <depth>3</depth>
  </size>
  <segmented>0</segmented>
  <object>
    <name>pigface</name>
    <pose>Unspecified</pose>
    <truncated>0</truncated>
    <Difficult>0</Difficult>
    <bndbox>
      <xmin>408</xmin>
      <ymin>245</ymin>
      <xmax>730</xmax>
      <ymax>576</ymax>
    </bndbox>
  </object>
  <object>
    <name>pig</name>
    <pose>Unspecified</pose>
    <truncated>0</truncated>
    <Difficult>0</Difficult>
    <bndbox>
      <xmin>418</xmin>
      <ymin>64</ymin>
      <xmax>949</xmax>
      <ymax>654</ymax>
    </bndbox>
  </object>
</annotation>
